{
	"credit": "Made with Blockbench",
	"textures": {
		"0": "block/cobblestone",
		"particle": "block/cobblestone"
	},
	"elements": [
		{
			"from": [2.5, 0, 2.5],
			"to": [13.5, 15, 13.5],
			"rotation": {"angle": 0, "axis": "z", "origin": [8, 8, 8]},
			"faces": {
				"north": {"uv": [0, 0, 15, 11], "rotation": 90, "texture": "#0"},
				"east": {"uv": [0, 0, 11, 15], "texture": "#0"},
				"south": {"uv": [0, 0, 15, 11], "rotation": 270, "texture": "#0"},
				"west": {"uv": [0, 0, 11, 15], "rotation": 180, "texture": "#0"},
				"up": {"uv": [0, 0, 11, 11], "rotation": 270, "texture": "#0"},
				"down": {"uv": [0, 0, 11, 11], "rotation": 270, "texture": "#0"}
			}
		},
		{
			"from": [2.5, 2, 0.5],
			"to": [13.5, 13, 15.5],
			"rotation": {"angle": 0, "axis": "y", "origin": [8, 8, 8]},
			"faces": {
				"north": {"uv": [0, 0, 11, 11], "texture": "#0"},
				"east": {"uv": [0, 0, 15, 11], "texture": "#0"},
				"south": {"uv": [0, 0, 11, 11], "texture": "#0"},
				"west": {"uv": [0, 0, 15, 11], "texture": "#0"},
				"up": {"uv": [0, 0, 11, 15], "texture": "#0"},
				"down": {"uv": [0, 0, 11, 15], "texture": "#0"}
			}
		},
		{
			"from": [0.5, 2, 2.5],
			"to": [15.5, 13, 13.5],
			"rotation": {"angle": 0, "axis": "y", "origin": [8, 8, 8]},
			"faces": {
				"north": {"uv": [0, 0, 15, 11], "texture": "#0"},
				"east": {"uv": [0, 0, 11, 11], "texture": "#0"},
				"south": {"uv": [0, 0, 15, 11], "texture": "#0"},
				"west": {"uv": [0, 0, 11, 11], "texture": "#0"},
				"up": {"uv": [0, 0, 11, 15], "rotation": 270, "texture": "#0"},
				"down": {"uv": [0, 0, 11, 15], "rotation": 90, "texture": "#0"}
			}
		}
	],
	"display": {
		"thirdperson_righthand": {
			"rotation": [75, 45, 0],
			"translation": [0, 2.5, 0],
			"scale": [0.375, 0.375, 0.375]
		},
		"thirdperson_lefthand": {
			"rotation": [75, 45, 0],
			"translation": [0, 2.5, 0],
			"scale": [0.375, 0.375, 0.375]
		},
		"firstperson_righthand": {
			"rotation": [0, 45, 0],
			"scale": [0.4, 0.4, 0.4]
		},
		"firstperson_lefthand": {
			"rotation": [0, 225, 0],
			"scale": [0.4, 0.4, 0.4]
		},
		"ground": {
			"translation": [0, 3, 0],
			"scale": [0.25, 0.25, 0.25]
		},
		"gui": {
			"rotation": [30, 225, 0],
			"scale": [0.625, 0.625, 0.625]
		},
		"fixed": {
			"rotation": [-90, 0, 0],
			"translation": [0, 0, -16],
			"scale": [2, 2, 2]
		}
	}
}