{
	"credit": "Made with Blockbench",
	"textures": {
		"0": "block/grass_block_top_colored",
		"1": "block/grass_block_side",
		"2": "block/dirt",
		"particle": "block/grass_block_top_colored"
	},
	"elements": [
		{
			"from": [0, 0, 0],
			"to": [16.01, 8.01, 16.01],
			"faces": {
				"north": {"uv": [0, 0, 16, 8.01], "texture": "#1"},
				"east": {"uv": [0, 0, 16, 8.01], "texture": "#1"},
				"south": {"uv": [0, 0, 16, 8.01], "texture": "#1"},
				"west": {"uv": [0, 0, 16, 8.01], "texture": "#1"},
				"up": {"uv": [0, 0, 16, 16], "texture": "#0"},
				"down": {"uv": [0, 0, 16, 16], "texture": "#2"}
			}
		}
	],
	"display": {
		"thirdperson_righthand": {
			"rotation": [75, 45, 0],
			"translation": [0, 2.5, 0],
			"scale": [0.375, 0.375, 0.375]
		},
		"thirdperson_lefthand": {
			"rotation": [75, 45, 0],
			"translation": [0, 2.5, 0],
			"scale": [0.375, 0.375, 0.375]
		},
		"firstperson_righthand": {
			"rotation": [0, 45, 0],
			"scale": [0.4, 0.4, 0.4]
		},
		"firstperson_lefthand": {
			"rotation": [0, 225, 0],
			"scale": [0.4, 0.4, 0.4]
		},
		"ground": {
			"translation": [0, 3, 0],
			"scale": [0.25, 0.25, 0.25]
		},
		"gui": {
			"rotation": [30, 225, 0],
			"scale": [0.625, 0.625, 0.625]
		},
		"head": {
			"rotation": [0, 180, 0],
			"translation": [0, 13, 7]
		},
		"fixed": {
			"rotation": [-90, 0, 0],
			"translation": [0, 0, -16],
			"scale": [2.001, 2.001, 2.001]
		}
	}
}