{
	"texture_size": [64, 32],
	"textures": {
		"0": "entity/minecart_visible",
		"particle": "entity/minecart_visible"
	},
	"elements": [
		{
			"from": [-2, 0, 0],
			"to": [18, 2, 16],
			"faces": {
				"north": {"uv": [5.5, 5, 10.5, 6], "texture": "#0"},
				"east": {"uv": [0.5, 14, 0, 6], "rotation": 270, "texture": "#0"},
				"south": {"uv": [0.5, 5, 5.5, 6], "texture": "#0"},
				"west": {"uv": [5.5, 6, 6, 14], "rotation": 270, "texture": "#0"},
				"up": {"uv": [6, 6, 11, 14], "texture": "#0"},
				"down": {"uv": [0.5, 6, 5.5, 14], "texture": "#0"}
			}
		},
		{
			"from": [0, 2, 14],
			"to": [16, 10, 16],
			"faces": {
				"north": {"uv": [0.5, 1, 4.5, 5], "texture": "#0"},
				"east": {"uv": [12, 11.5, 16, 15.5], "texture": "#0"},
				"south": {"uv": [5, 1, 9, 5], "texture": "#0"},
				"west": {"uv": [12, 2.5, 16, 6.5], "texture": "#0"}
			}
		},
		{
			"from": [-2, 2, 0],
			"to": [0, 10, 16],
			"faces": {
				"north": {"uv": [0.5, 1, 0, 5], "texture": "#0"},
				"east": {"uv": [0.5, 1, 4.5, 5], "texture": "#0"},
				"south": {"uv": [5, 1, 4.5, 5], "texture": "#0"},
				"west": {"uv": [5, 1, 9, 5], "texture": "#0"}
			}
		},
		{
			"from": [16, 2, 0],
			"to": [18, 10, 16],
			"faces": {
				"north": {"uv": [0, 1, 0.5, 5], "texture": "#0"},
				"east": {"uv": [5, 1, 9, 5], "texture": "#0"},
				"south": {"uv": [4.5, 1, 5, 5], "texture": "#0"},
				"west": {"uv": [0.5, 1, 4.5, 5], "texture": "#0"}
			}
		},
		{
			"from": [0, 2, 0],
			"to": [16, 10, 2],
			"faces": {
				"north": {"uv": [9, 1, 5, 5], "texture": "#0"},
				"east": {"uv": [12, 11.5, 16, 15.5], "texture": "#0"},
				"south": {"uv": [0.5, 1, 4.5, 5], "texture": "#0"},
				"west": {"uv": [12, 2.5, 16, 6.5], "texture": "#0"}
			}
		},
		{
			"from": [0, 9, 0],
			"to": [16, 10, 2],
			"faces": {
				"up": {"uv": [0.5, 0, 4.5, 1], "texture": "#0"}
			}
		},
		{
			"from": [0, 9, 14],
			"to": [16, 10, 16],
			"faces": {
				"up": {"uv": [0.5, 0, 4.5, 1], "rotation": 180, "texture": "#0"}
			}
		},
		{
			"from": [-2, 9, 0],
			"to": [0, 10, 16],
			"faces": {
				"up": {"uv": [0.5, 0, 4.5, 1], "rotation": 270, "texture": "#0"}
			}
		},
		{
			"from": [16, 9, 0],
			"to": [18, 10, 16],
			"faces": {
				"up": {"uv": [0.5, 0, 4.5, 1], "rotation": 90, "texture": "#0"}
			}
		}
	],
	"display": {
		"thirdperson_righthand": {
			"rotation": [75, 45, 0],
			"translation": [0, 2.5, 0],
			"scale": [0.375, 0.375, 0.375]
		},
		"thirdperson_lefthand": {
			"rotation": [75, 45, 0],
			"translation": [0, 2.5, 0],
			"scale": [0.375, 0.375, 0.375]
		},
		"firstperson_righthand": {
			"rotation": [0, 45, 0],
			"scale": [0.4, 0.4, 0.4]
		},
		"firstperson_lefthand": {
			"rotation": [0, 225, 0],
			"scale": [0.4, 0.4, 0.4]
		},
		"ground": {
			"translation": [0, 3, 0],
			"scale": [0.25, 0.25, 0.25]
		},
		"gui": {
			"rotation": [30, 225, 0],
			"scale": [0.625, 0.625, 0.625]
		},
		"head": {
			"rotation": [0, 180, 0],
			"translation": [0, 13, 7]
		},
		"fixed": {
			"rotation": [-90, 0, 0],
			"translation": [0, 0, -17],
			"scale": [2, 2, 2]
		}
	},
	"groups": [
		0,
		{
			"name": "Inside",
			"origin": [0, 0, 0],
			"color": 0,
			"children": [1, 2, 3, 4]
		},
		{
			"name": "top",
			"origin": [0, 0, 0],
			"color": 0,
			"children": [5, 6, 7, 8]
		}
	]
}