{
	"credit": "Made with Blockbench",
	"textures": {
		"0": "entity/chest/normal",
		"particle": "entity/chest/normal"
	},
	"elements": [
		{
			"from": [4, 0, 4],
			"to": [12, 5, 12],
			"rotation": {"angle": 0, "axis": "y", "origin": [4, 0, 4]},
			"faces": {
				"north": {"uv": [10.5, 8.25, 14, 10.75], "rotation": 180, "texture": "#0"},
				"east": {"uv": [3.5, 8.25, 7, 10.75], "rotation": 180, "texture": "#0"},
				"south": {"uv": [7, 8.25, 10.5, 10.75], "rotation": 180, "texture": "#0"},
				"west": {"uv": [0, 8.25, 3.5, 10.75], "rotation": 180, "texture": "#0"},
				"up": {"uv": [7, 4.75, 10.5, 8.25], "texture": "#0"},
				"down": {"uv": [3.5, 4.75, 7, 8.25], "texture": "#0"}
			}
		},
		{
			"from": [4, 5, 4],
			"to": [12, 7.5, 12],
			"rotation": {"angle": 0, "axis": "x", "origin": [8, 5, 12]},
			"faces": {
				"north": {"uv": [10.5, 4.75, 14, 3.5], "texture": "#0"},
				"east": {"uv": [7, 4.75, 10.5, 3.5], "texture": "#0"},
				"south": {"uv": [3.5, 4.75, 7, 3.5], "texture": "#0"},
				"west": {"uv": [0, 4.75, 3.5, 3.5], "texture": "#0"},
				"up": {"uv": [7, 0, 10.5, 3.5], "texture": "#0"},
				"down": {"uv": [3.5, 0, 7, 3.5], "texture": "#0"}
			}
		},
		{
			"from": [7.5, 4, 3.75],
			"to": [8.5, 6, 4.25],
			"rotation": {"angle": 0, "axis": "x", "origin": [8, 5, 12]},
			"faces": {
				"north": {"uv": [0.5, 1.25, 1, 0.25], "texture": "#0"},
				"east": {"uv": [0.75, 0.25, 1, 1.25], "rotation": 180, "texture": "#0"},
				"west": {"uv": [1.25, 1.25, 1.5, 0.25], "texture": "#0"},
				"up": {"uv": [0.5, 0, 1, 0.25], "texture": "#0"},
				"down": {"uv": [0.5, 0, 1, 0.25], "texture": "#0"}
			}
		}
	],
	"display": {
		"thirdperson_righthand": {
			"rotation": [75, 45, 0],
			"translation": [0, 2.5, 0],
			"scale": [0.375, 0.375, 0.375]
		},
		"thirdperson_lefthand": {
			"rotation": [75, 45, 0],
			"translation": [0, 2.5, 0],
			"scale": [0.375, 0.375, 0.375]
		},
		"firstperson_righthand": {
			"rotation": [0, 45, 0],
			"scale": [0.4, 0.4, 0.4]
		},
		"firstperson_lefthand": {
			"rotation": [0, 225, 0],
			"scale": [0.4, 0.4, 0.4]
		},
		"ground": {
			"translation": [0, 3, 0],
			"scale": [0.25, 0.25, 0.25]
		},
		"gui": {
			"rotation": [30, 225, 0],
			"scale": [0.625, 0.625, 0.625]
		},
		"fixed": {
			"rotation": [-90, 0, 0],
			"translation": [0, 0, -17],
			"scale": [2, 2, 2]
		}
	},
	"groups": [
		0,
		{
			"name": "upper",
			"origin": [0, 0, 0],
			"color": 0,
			"children": [1, 2]
		}
	]
}