{
	"credit": "Made with Blockbench",
	"textures": {
		"0": "block/spruce_planks",
		"particle": "block/spruce_planks"
	},
	"elements": [
		{
			"from": [6, 6, 0],
			"to": [10, 10, 16],
			"rotation": {"angle": 0, "axis": "y", "origin": [8, 8, 8]},
			"faces": {
				"north": {"uv": [6, 6, 10, 10], "texture": "#0"},
				"east": {"uv": [0, 0, 4, 16], "rotation": 90, "texture": "#0"},
				"south": {"uv": [6, 10, 10, 6], "texture": "#0"},
				"west": {"uv": [0, 16, 4, 0], "rotation": 90, "texture": "#0"},
				"up": {"uv": [0, 0, 4, 16], "texture": "#0"},
				"down": {"uv": [0, 16, 4, 0], "texture": "#0"}
			}
		}
	],
	"display": {
		"thirdperson_righthand": {
			"translation": [0, -2, 4],
			"scale": [1.01, 1.01, 1.01]
		},
		"thirdperson_lefthand": {
			"translation": [0, -2, 4],
			"scale": [1.01, 1.01, 1.01]
		},
		"gui": {
			"rotation": [45, 45, 0],
			"scale": [4, 4, 4]
		},
		"head": {
			"rotation": [90, 0, 0],
			"translation": [0, -17.25, 0],
			"scale": [1, 1, 3.5]
		},
		"fixed": {
			"rotation": [-90, 0, 0],
			"translation": [0, 0, -16],
			"scale": [2.01, 2.01, 2.01]
		}
	}
}