{
	"credit": "Made with Blockbench",
	"textures": {
		"1": "block/oak_log",
		"particle": "block/oak_log"
	},
	"elements": [
		{
			"from": [2, 14, 14],
			"to": [14, 16, 16],
			"faces": {
				"north": {"uv": [2, 6, 14, 8], "texture": "#1"},
				"south": {"uv": [2, 4, 14, 6], "texture": "#1"},
				"up": {"uv": [2, 2, 14, 4], "texture": "#1"},
				"down": {"uv": [2, 8, 14, 10], "texture": "#1"}
			}
		},
		{
			"from": [0, 14, 0],
			"to": [2, 16, 16],
			"faces": {
				"north": {"uv": [2, 6, 4, 8], "texture": "#1"},
				"east": {"uv": [0, 4, 16, 6], "texture": "#1"},
				"south": {"uv": [2, 4, 4, 6], "texture": "#1"},
				"west": {"uv": [0, 6, 16, 8], "texture": "#1"},
				"up": {"uv": [2, 0, 4, 16], "texture": "#1"},
				"down": {"uv": [2, 0, 4, 16], "texture": "#1"}
			}
		},
		{
			"from": [14, 14, 0],
			"to": [16, 16, 16],
			"faces": {
				"north": {"uv": [2, 6, 4, 8], "texture": "#1"},
				"east": {"uv": [0, 4, 16, 6], "texture": "#1"},
				"south": {"uv": [2, 4, 4, 6], "texture": "#1"},
				"west": {"uv": [0, 6, 16, 8], "texture": "#1"},
				"up": {"uv": [2, 0, 4, 16], "texture": "#1"},
				"down": {"uv": [2, 0, 4, 16], "texture": "#1"}
			}
		},
		{
			"from": [2, 14, 0],
			"to": [14, 16, 2],
			"faces": {
				"north": {"uv": [2, 6, 14, 8], "texture": "#1"},
				"south": {"uv": [2, 4, 14, 6], "texture": "#1"},
				"up": {"uv": [2, 2, 14, 4], "texture": "#1"},
				"down": {"uv": [2, 8, 14, 10], "texture": "#1"}
			}
		},
		{
			"from": [14, 2, 0],
			"to": [16, 14, 2],
			"faces": {
				"north": {"uv": [11, 0, 13, 12], "texture": "#1"},
				"east": {"uv": [11, 0, 13, 12], "texture": "#1"},
				"south": {"uv": [11, 0, 13, 12], "texture": "#1"},
				"west": {"uv": [11, 0, 13, 12], "texture": "#1"}
			}
		},
		{
			"from": [0, 2, 0],
			"to": [2, 14, 2],
			"faces": {
				"north": {"uv": [11, 0, 13, 12], "texture": "#1"},
				"east": {"uv": [11, 0, 13, 12], "texture": "#1"},
				"south": {"uv": [11, 0, 13, 12], "texture": "#1"},
				"west": {"uv": [11, 0, 13, 12], "texture": "#1"}
			}
		},
		{
			"from": [14, 2, 14],
			"to": [16, 14, 16],
			"faces": {
				"north": {"uv": [11, 0, 13, 12], "texture": "#1"},
				"east": {"uv": [11, 0, 13, 12], "texture": "#1"},
				"south": {"uv": [11, 0, 13, 12], "texture": "#1"},
				"west": {"uv": [11, 0, 13, 12], "texture": "#1"}
			}
		},
		{
			"from": [0, 2, 14],
			"to": [2, 14, 16],
			"faces": {
				"north": {"uv": [11, 0, 13, 12], "texture": "#1"},
				"east": {"uv": [11, 0, 13, 12], "texture": "#1"},
				"south": {"uv": [11, 0, 13, 12], "texture": "#1"},
				"west": {"uv": [11, 0, 13, 12], "texture": "#1"}
			}
		},
		{
			"from": [2, 0, 14],
			"to": [14, 2, 16],
			"faces": {
				"north": {"uv": [2, 6, 14, 8], "texture": "#1"},
				"south": {"uv": [2, 4, 14, 6], "texture": "#1"},
				"up": {"uv": [2, 2, 14, 4], "texture": "#1"},
				"down": {"uv": [2, 8, 14, 10], "texture": "#1"}
			}
		},
		{
			"from": [0, 0, 0],
			"to": [2, 2, 16],
			"faces": {
				"north": {"uv": [2, 6, 4, 8], "texture": "#1"},
				"east": {"uv": [0, 4, 16, 6], "texture": "#1"},
				"south": {"uv": [2, 4, 4, 6], "texture": "#1"},
				"west": {"uv": [0, 6, 16, 8], "texture": "#1"},
				"up": {"uv": [2, 0, 4, 16], "texture": "#1"},
				"down": {"uv": [2, 0, 4, 16], "texture": "#1"}
			}
		},
		{
			"from": [14, 0, 0],
			"to": [16, 2, 16],
			"faces": {
				"north": {"uv": [2, 6, 4, 8], "texture": "#1"},
				"east": {"uv": [0, 4, 16, 6], "texture": "#1"},
				"south": {"uv": [2, 4, 4, 6], "texture": "#1"},
				"west": {"uv": [0, 6, 16, 8], "texture": "#1"},
				"up": {"uv": [2, 0, 4, 16], "texture": "#1"},
				"down": {"uv": [2, 0, 4, 16], "texture": "#1"}
			}
		},
		{
			"from": [2, 0, 0],
			"to": [14, 2, 2],
			"faces": {
				"north": {"uv": [2, 6, 14, 8], "texture": "#1"},
				"south": {"uv": [2, 4, 14, 6], "texture": "#1"},
				"up": {"uv": [2, 2, 14, 4], "texture": "#1"},
				"down": {"uv": [2, 8, 14, 10], "texture": "#1"}
			}
		}
	],
	"display": {
		"thirdperson_righthand": {
			"rotation": [75, 45, 0],
			"translation": [0, 2.5, 0],
			"scale": [0.375, 0.375, 0.375]
		},
		"thirdperson_lefthand": {
			"rotation": [75, 45, 0],
			"translation": [0, 2.5, 0],
			"scale": [0.375, 0.375, 0.375]
		},
		"firstperson_righthand": {
			"rotation": [0, 45, 0],
			"scale": [0.4, 0.4, 0.4]
		},
		"firstperson_lefthand": {
			"rotation": [0, 225, 0],
			"scale": [0.4, 0.4, 0.4]
		},
		"ground": {
			"translation": [0, 3, 0],
			"scale": [0.25, 0.25, 0.25]
		},
		"gui": {
			"rotation": [30, 225, 0],
			"scale": [0.625, 0.625, 0.625]
		},
		"fixed": {
			"rotation": [-90, 0, 0],
			"translation": [0, 0, 16],
			"scale": [2.65, 2.65, 2.65]
		}
	},
	"groups": [
		{
			"name": "upper",
			"origin": [0, 0, 0],
			"color": 0,
			"children": [0, 1, 2, 3]
		},
		{
			"name": "base",
			"origin": [0, 0, 0],
			"color": 0,
			"children": [4, 5, 6, 7]
		},
		{
			"name": "lower",
			"origin": [0, 0, 0],
			"color": 0,
			"children": [8, 9, 10, 11]
		}
	]
}